{
  "metadata": {
    "version": "3.0.0",
    "total_capabilities": 280,
    "last_updated": "2024-12-30",
    "status": "production-ready",
    "description": "Complete Synckaiden Ecosystem Capabilities Registry"
  },
  "summary": {
    "high_priority": 100,
    "medium_priority": 180,
    "total": 280
  },
  "modules": {
    "Homepage & Entry": {"count": 5, "status": "LIVE"},
    "Dashboard": {"count": 5, "status": "LIVE"},
    "Employees": {"count": 40, "status": "LIVE"},
    "Sales/CRM": {"count": 20, "status": "LIVE"},
    "Finance": {"count": 25, "status": "LIVE"},
    "Operations": {"count": 20, "status": "LIVE"},
    "Marketing": {"count": 20, "status": "LIVE"},
    "Analytics": {"count": 15, "status": "LIVE"},
    "Communication": {"count": 15, "status": "LIVE"},
    "Legal Services": {"count": 10, "status": "BETA"},
    "Professional Directory": {"count": 10, "status": "BETA"},
    "Payments & Security": {"count": 15, "status": "LIVE"},
    "Workflows": {"count": 10, "status": "LIVE"},
    "Health": {"count": 15, "status": "LIVE"},
    "Mini Me": {"count": 10, "status": "LIVE"},
    "Admin OS": {"count": 15, "status": "LIVE"},
    "What's for Dinner": {"count": 10, "status": "LIVE"},
    "First World Problems": {"count": 5, "status": "BETA"},
    "Community": {"count": 10, "status": "BETA"},
    "Predictive Ops": {"count": 10, "status": "COMING_SOON"},
    "Time & Focus": {"count": 8, "status": "LIVE"},
    "Tasks": {"count": 8, "status": "LIVE"},
    "Employees OS": {"count": 10, "status": "LIVE"},
    "Sales OS": {"count": 8, "status": "LIVE"},
    "Operations OS": {"count": 8, "status": "LIVE"},
    "Marketing OS": {"count": 8, "status": "LIVE"},
    "Finance OS": {"count": 8, "status": "LIVE"}
  },
  "component_types": [
    "DASHBOARD",
    "FORM",
    "TABLE",
    "CHART",
    "KANBAN",
    "CALENDAR",
    "CHAT",
    "VIDEO",
    "AUDIO",
    "EDITOR",
    "TIMER",
    "NOTIFICATION",
    "SETTINGS",
    "REPORT",
    "MAP",
    "WORKFLOW",
    "TIMELINE",
    "LIST",
    "BUTTON_GROUP",
    "INDICATOR",
    "FILE_MANAGER",
    "CHECKLIST",
    "PROGRESS",
    "GANTT",
    "BOARD",
    "FORUM"
  ],
  "status_values": ["LIVE", "BETA", "COMING_SOON"],
  "priority_levels": ["HIGH", "MEDIUM", "LOW"],
  "complexity_levels": ["SIMPLE", "MEDIUM", "COMPLEX"]
}
