{
  "results": [
    {
      "input": "/home/ubuntu/upload/AgenticAIBusinessSwarm.zip",
      "output": {
        "app_id": "agentic-ai-business-swarm",
        "app_name": "Agentic AI Business Swarm",
        "features": "Agent Swarm Management; Workflow Automation; n8n Integration; Predictive Analytics; AI Insights Feed",
        "database_tables": "",
        "api_endpoints": "/auth/api-key, /agents, /workflows, /analytics/dashboard, /insights, /integrations/kayden-ai/status",
        "pages": "SwarmDashboard, AgentGrid, PredictiveAnalytics, WorkflowAutomation, AIInsightsFeed, AdvancedSettings",
        "tech_stack": "React, TypeScript, Vite, Tailwind CSS, Recharts",
        "status": "ready"
      },
      "error": ""
    },
    {
      "input": "/home/ubuntu/upload/AudioMasteringApplication.zip",
      "output": {
        "app_id": "audio-mastering-application",
        "app_name": "All-In-One Music Production Studio",
        "features": "Multi-Track Editor; Effects Rack; Virtual Instruments; Mastering Suite; Distribution Panel",
        "database_tables": "projects, users",
        "api_endpoints": "/api/auth, /api/projects, /api/audio, /api/platforms, /api/collaboration, /api/analytics",
        "pages": "Multi-Track Editor, Effects Rack, Virtual Instruments, Distribution Panel, Project Library, Analytics Dashboard, Sample Browser, Collaboration Panel, Mastering Suite",
        "tech_stack": "React, Tailwind CSS, Radix UI, Recharts, TypeScript",
        "status": "ready"
      },
      "error": ""
    },
    {
      "input": "/home/ubuntu/upload/AveryAIReceptionistDesign.zip",
      "output": {
        "app_id": "avery-ai-receptionist-design",
        "app_name": "Avery AI Receptionist Design",
        "features": "AI-powered call handling; Appointment booking; Customer interaction management; Performance analytics; Customizable workflows",
        "database_tables": "None",
        "api_endpoints": "None",
        "pages": "Marketing, Pricing, Authentication, Onboarding, Dashboard, Calls, Bookings, Settings, Call Flow, Demo, Legal, Investor, QA Control, Dev Handoff",
        "tech_stack": "React, Vite, Tailwind CSS, Material-UI, Radix UI",
        "status": "ready"
      },
      "error": ""
    },
    {
      "input": "/home/ubuntu/upload/BuildWealthProAppPrototype.zip",
      "output": {
        "app_id": "buildwealth-pro",
        "app_name": "BuildWealth Pro",
        "features": "Personal & Business Credit Repair; Grant & Loan Applications; Trail Boss Truck Finder; Business Operations; Gamification",
        "database_tables": "profiles, daily_tasks, user_progress, credit_accounts, grant_applications, time_entries, mileage_entries, receipts",
        "api_endpoints": "/api/apps/{appId}/profileService, /api/apps/{appId}/tasksService, /api/apps/{appId}/progressService, /api/apps/{appId}/creditService, /api/apps/{appId}/grantsService, /api/apps/{appId}/businessService, /api/apps/{appId}/edgeFunctions",
        "pages": "Dashboard, Onboarding, Credit Repair, Grant Tracking, Loan Applications, Business Tracking, Vehicles, Calendar, Settings, Privacy Policy, Terms of Service, Financial Disclaimer",
        "tech_stack": "React, TypeScript, Tailwind CSS, Supabase, PostgreSQL",
        "status": "ready"
      },
      "error": ""
    },
    {
      "input": "/home/ubuntu/upload/FinancialCo-PilotApp.zip",
      "output": {
        "app_id": "financial-co-pilot",
        "app_name": "Financial Co-Pilot",
        "features": "AI-powered Financial Health Scoring; Advanced Data Visualization; Complete Financial Management; Enterprise Security; Fully Responsive",
        "database_tables": "Not explicitly listed, but uses PostgreSQL with Prisma ORM",
        "api_endpoints": "/api/auth/register, /api/auth/login, /api/dashboard, /api/transactions, /api/transactions/:id, /api/budgets, /api/budgets/:id, /api/reports?period=:period, /api/user/profile, /api/user/password, /api/user/notifications, /api/user/export, /api/user/account",
        "pages": "Dashboard, Transactions, Budgets, Reports, Settings, Login, Register",
        "tech_stack": "React, TypeScript, Tailwind CSS, React Router, Motion, Recharts, Chart.js, Radix UI, Sonner, Axios, Node.js, Express, PostgreSQL, Prisma, JWT",
        "status": "ready"
      },
      "error": ""
    },
    {
      "input": "/home/ubuntu/upload/HealthSyncScribeDesign.zip",
      "output": {
        "app_id": "healthsync-scribe",
        "app_name": "HealthSync Scribe",
        "features": "AI Scribe; Smart Coding; White-Label; Multi-Tenant; Mobile Portal",
        "database_tables": "postgresql, redis",
        "api_endpoints": "/api/apps/{appId}/rest-api",
        "pages": "Login Screen, Setup Wizard, Configuration Settings, Patient Portal, Dashboard",
        "tech_stack": "React, TypeScript, Tailwind CSS, Node.js, Express, PostgreSQL, Redis, JWT, Stripe, SendGrid, Twilio, Sentry, Mixpanel, Vercel, AWS, Cloudflare, Docker, GitHub Actions",
        "status": "ready"
      },
      "error": ""
    },
    {
      "input": "/home/ubuntu/upload/KAIDENHouseHack203KApp.zip",
      "output": {
        "app_id": "househack-203k",
        "app_name": "KAIDEN HouseHack 203K",
        "features": "Eligibility Wizard; Deal Room Management; Financial Calculator; 203(k) Fit Score; Agent Commission System",
        "database_tables": "user:{userId}, agent:{userId}, agent:code:{code}, referral:{userId}, deal:{dealId}, rules:current",
        "api_endpoints": "/auth/signup, /auth/me, /agent/dashboard, /agent/verify/:code, /deals, /deals/:id, /deals/:id/invite, /subscriptions/checkout, /webhooks/stripe, /subscriptions/portal, /rules/current, /partners",
        "pages": "LandingPage, AuthPage, Dashboard, OnboardingWizard, DealRoom, Marketplace, PricingPage, PrivacyPolicy, TermsOfService, LoanComparison",
        "tech_stack": "React 18, TypeScript, Tailwind CSS v4, React Router, Zustand, shadcn/ui, Supabase Auth, Stripe, PostgreSQL, Edge Functions, Deno, Hono, KV Store",
        "status": "ready"
      },
      "error": ""
    },
    {
      "input": "/home/ubuntu/upload/PantryInventoryManagement.zip",
      "output": {
        "app_id": "pantryiq",
        "app_name": "Pantry Inventory Management",
        "features": "Pantry Item Management; Shopping List Management; User Statistics; Notification Preferences; Recipe Suggestions",
        "database_tables": "userAppInstalls, pantryItems, shoppingListItems, userStats, auditLogs, notificationPreferences",
        "api_endpoints": "/api/apps/pantryiq/items, /api/apps/pantryiq/items/{id}, /api/apps/pantryiq/shopping-list, /api/apps/pantryiq/shopping-list/{id}/toggle, /api/apps/pantryiq/shopping-list/{id}, /api/apps/pantryiq/shopping-list/clear-completed, /api/apps/pantryiq/stats",
        "pages": "Pantry List, Shopping List, Statistics Dashboard, Item Details, Edit Item, Scan Item, Recipe Suggestions, Notification Settings",
        "tech_stack": "React, Vite, Tailwind CSS, Drizzle ORM, Express",
        "status": "ready"
      },
      "error": ""
    },
    {
      "input": "/home/ubuntu/upload/RealitySyncAppDesign.zip",
      "output": {
        "app_id": "realitysync-app",
        "app_name": "Reality Sync",
        "features": "Multiple Vaults; Photo Capture; Asset Management; Export Reports; PIN Protection",
        "database_tables": "Vault, Asset",
        "api_endpoints": "",
        "pages": "Onboarding, Vault List, Vault Dashboard, Capture, Assets, Exports, Settings",
        "tech_stack": "React, TypeScript, Tailwind CSS, Radix UI, jsPDF, Sonner, Lucide React",
        "status": "ready"
      },
      "error": ""
    },
    {
      "input": "/home/ubuntu/upload/SpamSlayerSyncFigmaBuild.zip",
      "output": {
        "app_id": "spamslayer-sync-figma-build",
        "app_name": "SpamSlayer Sync Figma Build",
        "features": "Spam Detection/Management; Subscription Overview; Price Alerts; Savings Tracker; Dashboard",
        "database_tables": "",
        "api_endpoints": "",
        "pages": "Onboarding, Dashboard, Subscription Overview, Price Alerts, Savings Tracker, Settings Panel",
        "tech_stack": "React, Vite, Tailwind CSS, Radix UI, MUI, Zustand",
        "status": "ready"
      },
      "error": ""
    },
    {
      "input": "/home/ubuntu/upload/SyndicaIngestor&Composer.zip",
      "output": {},
      "error": "The specified app package '/home/ubuntu/upload/SyndicaIngestor&Composer.zip' could not be found in the sandbox environment. Please ensure the file is correctly uploaded and the path is accurate."
    }
  ]
}